<?xml version="1.0" encoding="utf-8"?>
<!DOCTYPE hibernate-configuration
    PUBLIC "-//Hibernate/Hibernate Configuration DTD//EN"
    "http://hibernate.sourceforge.net/hibernate-configuration-3.0.dtd">

<hibernate-configuration>
    <session-factory >

		<!-- local connection properties -->
		<property name="hibernate.connection.url">jdbc:mysql://192.168.22.48:3306/cspecq1</property>
		<property name="hibernate.connection.driver_class">org.gjt.mm.mysql.Driver</property>
		<property name="hibernate.connection.username">cspecq1</property>
		<property name="hibernate.connection.password">31031995</property>
		<property name="hibernate.hbm2ddl.auto">update</property> 
		<!-- property name="hibernate.connection.pool_size"></property -->

		<!-- dialect for MySQL -->
        <property name="dialect">org.hibernate.dialect.MySQLDialect</property>

        <property name="hibernate.show_sql">false</property>
        <property name="hibernate.transaction.factory_class">org.hibernate.transaction.JDBCTransactionFactory</property>
        
		<mapping resource="domaine/Personnes.hbm.xml"/>
		<mapping resource="domaine/Grppers.hbm.xml"/>
		<mapping resource="domaine/Groupes.hbm.xml"/>
    </session-factory>
</hibernate-configuration>